INSERT INTO CUSTOMER_INFO(CUSTOMER_ID, FIRST_NAME, LAST_NAME, LAST_UPDATED) VALUES ('9029', 'Tamara', 'Cormier', '2020-10-25 04:36:02'); 
INSERT INTO PHONE_INFO(CUSTOMER_ID, PHONE_TYPE, PHONE_NUMBER, LAST_UPDATED) VALUES ('9029', 'Mobile', '(652) 304-3330 x499', '2020-10-25 07:54:23'); 
INSERT INTO PHONE_INFO(CUSTOMER_ID, PHONE_TYPE, PHONE_NUMBER, LAST_UPDATED) VALUES ('9029', 'Mobile', '757.123.0634', '2020-10-23 22:07:02'); 
INSERT INTO PHONE_INFO(CUSTOMER_ID, PHONE_TYPE, PHONE_NUMBER, LAST_UPDATED) VALUES ('9029', 'Mobile', '(907) 133-5595 x230', '2020-10-18 14:35:25'); 
INSERT INTO EMAIL_INFO(CUSTOMER_ID, EMAIL_TYPE, EMAIL_ADDRESS, LAST_UPDATED) VALUES ('9029', 'Guardian Email', 'alden.bruen@gmail.com', '2020-10-25 13:25:52'); 
INSERT INTO EMAIL_INFO(CUSTOMER_ID, EMAIL_TYPE, EMAIL_ADDRESS, LAST_UPDATED) VALUES ('9029', 'Personal Email', 'amos.stehr@gmail.com', '2020-10-22 19:20:37'); 
INSERT INTO EMAIL_INFO(CUSTOMER_ID, EMAIL_TYPE, EMAIL_ADDRESS, LAST_UPDATED) VALUES ('9029', 'Guardian Email', 'kurtis.gislason@hotmail.com', '2020-10-23 11:01:26'); 
INSERT INTO CUSTOMER_INFO(CUSTOMER_ID, FIRST_NAME, LAST_NAME, LAST_UPDATED) VALUES ('8881', 'Eden', 'Erdman', '2020-10-26 00:41:41'); 
INSERT INTO PHONE_INFO(CUSTOMER_ID, PHONE_TYPE, PHONE_NUMBER, LAST_UPDATED) VALUES ('8881', 'Neighbour landline', '039.072.0781 x168', '2020-10-21 22:34:04'); 
INSERT INTO PHONE_INFO(CUSTOMER_ID, PHONE_TYPE, PHONE_NUMBER, LAST_UPDATED) VALUES ('8881', 'Mobile', '628.452.8782', '2020-10-26 14:42:01'); 
INSERT INTO PHONE_INFO(CUSTOMER_ID, PHONE_TYPE, PHONE_NUMBER, LAST_UPDATED) VALUES ('8881', 'Fax', '226.830.9125', '2020-10-25 18:00:00'); 
INSERT INTO PHONE_INFO(CUSTOMER_ID, PHONE_TYPE, PHONE_NUMBER, LAST_UPDATED) VALUES ('8881', 'Landline', '(554) 733-8979 x1548', '2020-10-25 17:06:26'); 
INSERT INTO EMAIL_INFO(CUSTOMER_ID, EMAIL_TYPE, EMAIL_ADDRESS, LAST_UPDATED) VALUES ('8881', 'Guardian Email', 'alex.hoeger@yahoo.com', '2020-10-21 16:08:41'); 
INSERT INTO CUSTOMER_INFO(CUSTOMER_ID, FIRST_NAME, LAST_NAME, LAST_UPDATED) VALUES ('1408', 'Krystal', 'Reichert', '2020-10-25 22:38:43'); 
INSERT INTO PHONE_INFO(CUSTOMER_ID, PHONE_TYPE, PHONE_NUMBER, LAST_UPDATED) VALUES ('1408', 'Neighbour landline', '1-818-709-1179 x253', '2020-10-26 05:26:31'); 
INSERT INTO PHONE_INFO(CUSTOMER_ID, PHONE_TYPE, PHONE_NUMBER, LAST_UPDATED) VALUES ('1408', 'Mobile', '236.529.2962', '2020-10-23 01:07:20'); 
INSERT INTO PHONE_INFO(CUSTOMER_ID, PHONE_TYPE, PHONE_NUMBER, LAST_UPDATED) VALUES ('1408', 'Mobile', '1-152-485-9809 x65184', '2020-10-22 03:31:23'); 
INSERT INTO PHONE_INFO(CUSTOMER_ID, PHONE_TYPE, PHONE_NUMBER, LAST_UPDATED) VALUES ('1408', 'Mobile', '1-997-655-8153 x416', '2020-10-23 21:45:05'); 
INSERT INTO PHONE_INFO(CUSTOMER_ID, PHONE_TYPE, PHONE_NUMBER, LAST_UPDATED) VALUES ('1408', 'Fax', '844-586-3770 x483', '2020-10-25 01:14:21'); 
INSERT INTO EMAIL_INFO(CUSTOMER_ID, EMAIL_TYPE, EMAIL_ADDRESS, LAST_UPDATED) VALUES ('1408', 'Personal Email', 'savannah.murphy@gmail.com', '2020-10-25 12:33:39'); 
INSERT INTO EMAIL_INFO(CUSTOMER_ID, EMAIL_TYPE, EMAIL_ADDRESS, LAST_UPDATED) VALUES ('1408', 'Guardian Email', 'roberto.mayert@yahoo.com', '2020-10-23 04:07:12'); 
INSERT INTO CUSTOMER_INFO(CUSTOMER_ID, FIRST_NAME, LAST_NAME, LAST_UPDATED) VALUES ('2209', 'Freda', 'Mann', '2020-10-25 19:12:04'); 
INSERT INTO PHONE_INFO(CUSTOMER_ID, PHONE_TYPE, PHONE_NUMBER, LAST_UPDATED) VALUES ('2209', 'Mobile', '239-246-5238 x549', '2020-10-23 03:04:50'); 
INSERT INTO PHONE_INFO(CUSTOMER_ID, PHONE_TYPE, PHONE_NUMBER, LAST_UPDATED) VALUES ('2209', 'Neighbour landline', '1-710-589-6527', '2020-10-19 14:28:14'); 
INSERT INTO PHONE_INFO(CUSTOMER_ID, PHONE_TYPE, PHONE_NUMBER, LAST_UPDATED) VALUES ('2209', 'Fax', '768-579-6743', '2020-10-26 09:25:59'); 
INSERT INTO PHONE_INFO(CUSTOMER_ID, PHONE_TYPE, PHONE_NUMBER, LAST_UPDATED) VALUES ('2209', 'Fax', '1-894-752-0595', '2020-10-24 21:07:10'); 
INSERT INTO PHONE_INFO(CUSTOMER_ID, PHONE_TYPE, PHONE_NUMBER, LAST_UPDATED) VALUES ('2209', 'Mobile', '1-314-680-5535', '2020-10-25 12:08:40'); 
INSERT INTO EMAIL_INFO(CUSTOMER_ID, EMAIL_TYPE, EMAIL_ADDRESS, LAST_UPDATED) VALUES ('2209', 'Personal Email', 'riley.hickle@hotmail.com', '2020-10-25 23:35:56'); 
INSERT INTO EMAIL_INFO(CUSTOMER_ID, EMAIL_TYPE, EMAIL_ADDRESS, LAST_UPDATED) VALUES ('2209', 'Personal Email', 'nicolette.hoeger@yahoo.com', '2020-10-26 12:43:41'); 
INSERT INTO CUSTOMER_INFO(CUSTOMER_ID, FIRST_NAME, LAST_NAME, LAST_UPDATED) VALUES ('3307', 'Norval', 'Orn', '2020-10-19 22:39:07'); 
INSERT INTO PHONE_INFO(CUSTOMER_ID, PHONE_TYPE, PHONE_NUMBER, LAST_UPDATED) VALUES ('3307', 'Mobile', '1-434-954-9852 x49883', '2020-10-26 10:51:32'); 
INSERT INTO EMAIL_INFO(CUSTOMER_ID, EMAIL_TYPE, EMAIL_ADDRESS, LAST_UPDATED) VALUES ('3307', 'Guardian Email', 'jedediah.dooley@hotmail.com', '2020-10-23 06:48:23'); 
INSERT INTO CUSTOMER_INFO(CUSTOMER_ID, FIRST_NAME, LAST_NAME, LAST_UPDATED) VALUES ('4921', 'Brando', 'Funk', '2020-10-24 16:19:03'); 
INSERT INTO PHONE_INFO(CUSTOMER_ID, PHONE_TYPE, PHONE_NUMBER, LAST_UPDATED) VALUES ('4921', 'Neighbour landline', '(469) 410-7179 x620', '2020-10-21 14:02:11'); 
INSERT INTO PHONE_INFO(CUSTOMER_ID, PHONE_TYPE, PHONE_NUMBER, LAST_UPDATED) VALUES ('4921', 'Landline', '011.796.1518 x811', '2020-10-22 15:02:50'); 
INSERT INTO PHONE_INFO(CUSTOMER_ID, PHONE_TYPE, PHONE_NUMBER, LAST_UPDATED) VALUES ('4921', 'Guardian Phone', '569-140-4018 x0004', '2020-10-24 21:36:34'); 
INSERT INTO PHONE_INFO(CUSTOMER_ID, PHONE_TYPE, PHONE_NUMBER, LAST_UPDATED) VALUES ('4921', 'Neighbour landline', '(457) 388-0449', '2020-10-23 04:39:53'); 
INSERT INTO PHONE_INFO(CUSTOMER_ID, PHONE_TYPE, PHONE_NUMBER, LAST_UPDATED) VALUES ('4921', 'Guardian Phone', '(541) 320-2633', '2020-10-22 01:38:22'); 
INSERT INTO EMAIL_INFO(CUSTOMER_ID, EMAIL_TYPE, EMAIL_ADDRESS, LAST_UPDATED) VALUES ('4921', 'Business Email', 'gerardo.hills@gmail.com', '2020-10-25 18:34:52'); 
INSERT INTO EMAIL_INFO(CUSTOMER_ID, EMAIL_TYPE, EMAIL_ADDRESS, LAST_UPDATED) VALUES ('4921', 'Official Email', 'buck.lehner@hotmail.com', '2020-10-26 12:49:21'); 
INSERT INTO EMAIL_INFO(CUSTOMER_ID, EMAIL_TYPE, EMAIL_ADDRESS, LAST_UPDATED) VALUES ('4921', 'Guardian Email', 'kennedi.renner@hotmail.com', '2020-10-22 14:57:38'); 
INSERT INTO CUSTOMER_INFO(CUSTOMER_ID, FIRST_NAME, LAST_NAME, LAST_UPDATED) VALUES ('7546', 'Vergie', 'Boyle', '2020-10-26 00:26:43'); 
INSERT INTO PHONE_INFO(CUSTOMER_ID, PHONE_TYPE, PHONE_NUMBER, LAST_UPDATED) VALUES ('7546', 'Fax', '243.927.2643', '2020-10-25 05:11:54'); 
INSERT INTO PHONE_INFO(CUSTOMER_ID, PHONE_TYPE, PHONE_NUMBER, LAST_UPDATED) VALUES ('7546', 'Fax', '1-222-109-7721 x4870', '2020-10-24 19:57:31'); 
INSERT INTO EMAIL_INFO(CUSTOMER_ID, EMAIL_TYPE, EMAIL_ADDRESS, LAST_UPDATED) VALUES ('7546', 'Guardian Email', 'stella.smitham@gmail.com', '2020-10-23 09:46:17'); 
INSERT INTO EMAIL_INFO(CUSTOMER_ID, EMAIL_TYPE, EMAIL_ADDRESS, LAST_UPDATED) VALUES ('7546', 'Business Email', 'kaylah.bradtke@yahoo.com', '2020-10-25 22:07:57'); 
INSERT INTO EMAIL_INFO(CUSTOMER_ID, EMAIL_TYPE, EMAIL_ADDRESS, LAST_UPDATED) VALUES ('7546', 'Personal Email', 'dylan.goldner@hotmail.com', '2020-10-24 21:10:39'); 
INSERT INTO EMAIL_INFO(CUSTOMER_ID, EMAIL_TYPE, EMAIL_ADDRESS, LAST_UPDATED) VALUES ('7546', 'Official Email', 'toni.bahringer@yahoo.com', '2020-10-25 03:04:48'); 
INSERT INTO EMAIL_INFO(CUSTOMER_ID, EMAIL_TYPE, EMAIL_ADDRESS, LAST_UPDATED) VALUES ('7546', 'Personal Email', 'jean.braun@hotmail.com', '2020-10-23 23:29:44'); 
INSERT INTO CUSTOMER_INFO(CUSTOMER_ID, FIRST_NAME, LAST_NAME, LAST_UPDATED) VALUES ('7075', 'Jaycee', 'Kunze', '2020-10-26 00:35:17'); 
INSERT INTO PHONE_INFO(CUSTOMER_ID, PHONE_TYPE, PHONE_NUMBER, LAST_UPDATED) VALUES ('7075', 'Neighbour landline', '1-054-817-4987', '2020-10-26 03:05:33'); 
INSERT INTO EMAIL_INFO(CUSTOMER_ID, EMAIL_TYPE, EMAIL_ADDRESS, LAST_UPDATED) VALUES ('7075', 'Guardian Email', 'tessie.waelchi@yahoo.com', '2020-10-17 16:51:20'); 
INSERT INTO CUSTOMER_INFO(CUSTOMER_ID, FIRST_NAME, LAST_NAME, LAST_UPDATED) VALUES ('8475', 'Gerardo', 'Dietrich', '2020-10-22 22:20:28'); 
INSERT INTO PHONE_INFO(CUSTOMER_ID, PHONE_TYPE, PHONE_NUMBER, LAST_UPDATED) VALUES ('8475', 'Guardian Phone', '726.646.6801', '2020-10-26 07:21:21'); 
INSERT INTO PHONE_INFO(CUSTOMER_ID, PHONE_TYPE, PHONE_NUMBER, LAST_UPDATED) VALUES ('8475', 'Guardian Phone', '147.015.2691 x2948', '2020-10-24 02:14:45'); 
INSERT INTO PHONE_INFO(CUSTOMER_ID, PHONE_TYPE, PHONE_NUMBER, LAST_UPDATED) VALUES ('8475', 'Neighbour landline', '1-710-360-8878 x230', '2020-10-23 23:54:08'); 
INSERT INTO PHONE_INFO(CUSTOMER_ID, PHONE_TYPE, PHONE_NUMBER, LAST_UPDATED) VALUES ('8475', 'Fax', '(992) 173-4236 x224', '2020-10-24 19:16:11'); 
INSERT INTO EMAIL_INFO(CUSTOMER_ID, EMAIL_TYPE, EMAIL_ADDRESS, LAST_UPDATED) VALUES ('8475', 'Official Email', 'era.little@gmail.com', '2020-10-23 16:34:26'); 
INSERT INTO EMAIL_INFO(CUSTOMER_ID, EMAIL_TYPE, EMAIL_ADDRESS, LAST_UPDATED) VALUES ('8475', 'Official Email', 'arthur.kirlin@yahoo.com', '2020-10-26 08:38:29'); 
INSERT INTO EMAIL_INFO(CUSTOMER_ID, EMAIL_TYPE, EMAIL_ADDRESS, LAST_UPDATED) VALUES ('8475', 'Business Email', 'santino.jakubowski@yahoo.com', '2020-10-23 18:00:07'); 
INSERT INTO CUSTOMER_INFO(CUSTOMER_ID, FIRST_NAME, LAST_NAME, LAST_UPDATED) VALUES ('3836', 'Hans', 'Lang', '2020-10-26 12:36:51'); 
INSERT INTO PHONE_INFO(CUSTOMER_ID, PHONE_TYPE, PHONE_NUMBER, LAST_UPDATED) VALUES ('3836', 'Guardian Phone', '(266) 321-8760 x36476', '2020-10-24 01:43:02'); 
INSERT INTO PHONE_INFO(CUSTOMER_ID, PHONE_TYPE, PHONE_NUMBER, LAST_UPDATED) VALUES ('3836', 'Neighbour landline', '(257) 488-8933', '2020-10-24 03:01:17'); 
INSERT INTO PHONE_INFO(CUSTOMER_ID, PHONE_TYPE, PHONE_NUMBER, LAST_UPDATED) VALUES ('3836', 'Fax', '(233) 985-0552 x171', '2020-10-26 05:01:39'); 
INSERT INTO EMAIL_INFO(CUSTOMER_ID, EMAIL_TYPE, EMAIL_ADDRESS, LAST_UPDATED) VALUES ('3836', 'Guardian Email', 'katelyn.yost@gmail.com', '2020-10-24 20:18:02'); 
INSERT INTO EMAIL_INFO(CUSTOMER_ID, EMAIL_TYPE, EMAIL_ADDRESS, LAST_UPDATED) VALUES ('3836', 'Guardian Email', 'orie.roberts@gmail.com', '2020-10-23 06:00:53'); 
INSERT INTO EMAIL_INFO(CUSTOMER_ID, EMAIL_TYPE, EMAIL_ADDRESS, LAST_UPDATED) VALUES ('3836', 'Guardian Email', 'ivy.konopelski@yahoo.com', '2020-10-25 08:46:39'); 
INSERT INTO EMAIL_INFO(CUSTOMER_ID, EMAIL_TYPE, EMAIL_ADDRESS, LAST_UPDATED) VALUES ('3836', 'Personal Email', 'dolly.oberbrunner@gmail.com', '2020-10-21 16:38:07'); 
INSERT INTO CUSTOMER_INFO(CUSTOMER_ID, FIRST_NAME, LAST_NAME, LAST_UPDATED) VALUES ('7240', 'Maverick', 'Bergstrom', '2020-10-22 22:31:02'); 
INSERT INTO PHONE_INFO(CUSTOMER_ID, PHONE_TYPE, PHONE_NUMBER, LAST_UPDATED) VALUES ('7240', 'Neighbour landline', '(903) 560-0608 x1157', '2020-10-24 05:22:58'); 
INSERT INTO PHONE_INFO(CUSTOMER_ID, PHONE_TYPE, PHONE_NUMBER, LAST_UPDATED) VALUES ('7240', 'Mobile', '379-089-8271', '2020-10-25 04:08:03'); 
INSERT INTO PHONE_INFO(CUSTOMER_ID, PHONE_TYPE, PHONE_NUMBER, LAST_UPDATED) VALUES ('7240', 'Fax', '1-334-302-3337', '2020-10-26 08:05:51'); 
INSERT INTO PHONE_INFO(CUSTOMER_ID, PHONE_TYPE, PHONE_NUMBER, LAST_UPDATED) VALUES ('7240', 'Guardian Phone', '(156) 557-8051 x17109', '2020-10-23 17:58:50'); 
INSERT INTO PHONE_INFO(CUSTOMER_ID, PHONE_TYPE, PHONE_NUMBER, LAST_UPDATED) VALUES ('7240', 'Fax', '1-733-239-7519', '2020-10-26 01:25:07'); 
INSERT INTO EMAIL_INFO(CUSTOMER_ID, EMAIL_TYPE, EMAIL_ADDRESS, LAST_UPDATED) VALUES ('7240', 'Personal Email', 'angus.abernathy@yahoo.com', '2020-10-24 19:57:46'); 
INSERT INTO EMAIL_INFO(CUSTOMER_ID, EMAIL_TYPE, EMAIL_ADDRESS, LAST_UPDATED) VALUES ('7240', 'Official Email', 'idell.dickens@hotmail.com', '2020-10-24 08:28:34'); 
INSERT INTO EMAIL_INFO(CUSTOMER_ID, EMAIL_TYPE, EMAIL_ADDRESS, LAST_UPDATED) VALUES ('7240', 'Guardian Email', 'kristofer.okuneva@gmail.com', '2020-10-21 05:44:35'); 
INSERT INTO EMAIL_INFO(CUSTOMER_ID, EMAIL_TYPE, EMAIL_ADDRESS, LAST_UPDATED) VALUES ('7240', 'Official Email', 'shemar.kiehn@hotmail.com', '2020-10-25 10:24:15'); 
INSERT INTO EMAIL_INFO(CUSTOMER_ID, EMAIL_TYPE, EMAIL_ADDRESS, LAST_UPDATED) VALUES ('7240', 'Official Email', 'lysanne.bailey@hotmail.com', '2020-10-22 04:18:13'); 
INSERT INTO CUSTOMER_INFO(CUSTOMER_ID, FIRST_NAME, LAST_NAME, LAST_UPDATED) VALUES ('2430', 'Jacinto', 'Toy', '2020-10-21 16:19:37'); 
INSERT INTO PHONE_INFO(CUSTOMER_ID, PHONE_TYPE, PHONE_NUMBER, LAST_UPDATED) VALUES ('2430', 'Guardian Phone', '700.684.6560', '2020-10-24 16:19:40'); 
INSERT INTO PHONE_INFO(CUSTOMER_ID, PHONE_TYPE, PHONE_NUMBER, LAST_UPDATED) VALUES ('2430', 'Fax', '(650) 639-8043', '2020-10-24 08:41:24'); 
INSERT INTO PHONE_INFO(CUSTOMER_ID, PHONE_TYPE, PHONE_NUMBER, LAST_UPDATED) VALUES ('2430', 'Landline', '(856) 217-7722 x64551', '2020-10-23 00:04:46'); 
INSERT INTO EMAIL_INFO(CUSTOMER_ID, EMAIL_TYPE, EMAIL_ADDRESS, LAST_UPDATED) VALUES ('2430', 'Official Email', 'carlee.schaden@hotmail.com', '2020-10-24 07:47:50'); 
INSERT INTO EMAIL_INFO(CUSTOMER_ID, EMAIL_TYPE, EMAIL_ADDRESS, LAST_UPDATED) VALUES ('2430', 'Guardian Email', 'stevie.runte@yahoo.com', '2020-10-23 01:36:46'); 
INSERT INTO EMAIL_INFO(CUSTOMER_ID, EMAIL_TYPE, EMAIL_ADDRESS, LAST_UPDATED) VALUES ('2430', 'Business Email', 'ella.marquardt@yahoo.com', '2020-10-20 19:50:12'); 
INSERT INTO EMAIL_INFO(CUSTOMER_ID, EMAIL_TYPE, EMAIL_ADDRESS, LAST_UPDATED) VALUES ('2430', 'Guardian Email', 'aylin.kub@gmail.com', '2020-10-21 01:38:32'); 
INSERT INTO EMAIL_INFO(CUSTOMER_ID, EMAIL_TYPE, EMAIL_ADDRESS, LAST_UPDATED) VALUES ('2430', 'Official Email', 'reymundo.rogahn@gmail.com', '2020-10-23 03:32:03'); 
INSERT INTO CUSTOMER_INFO(CUSTOMER_ID, FIRST_NAME, LAST_NAME, LAST_UPDATED) VALUES ('9945', 'Raoul', 'Daniel', '2020-10-25 04:03:39'); 
INSERT INTO PHONE_INFO(CUSTOMER_ID, PHONE_TYPE, PHONE_NUMBER, LAST_UPDATED) VALUES ('9945', 'Fax', '655-448-2423 x7024', '2020-10-22 21:25:51'); 
INSERT INTO PHONE_INFO(CUSTOMER_ID, PHONE_TYPE, PHONE_NUMBER, LAST_UPDATED) VALUES ('9945', 'Neighbour landline', '942-921-5802', '2020-10-25 07:53:24'); 
INSERT INTO PHONE_INFO(CUSTOMER_ID, PHONE_TYPE, PHONE_NUMBER, LAST_UPDATED) VALUES ('9945', 'Guardian Phone', '1-416-082-0756 x2367', '2020-10-18 05:09:13'); 
INSERT INTO PHONE_INFO(CUSTOMER_ID, PHONE_TYPE, PHONE_NUMBER, LAST_UPDATED) VALUES ('9945', 'Landline', '440.953.6127 x57072', '2020-10-23 00:18:07'); 
INSERT INTO EMAIL_INFO(CUSTOMER_ID, EMAIL_TYPE, EMAIL_ADDRESS, LAST_UPDATED) VALUES ('9945', 'Official Email', 'nikko.wilkinson@yahoo.com', '2020-10-25 15:36:30'); 
INSERT INTO EMAIL_INFO(CUSTOMER_ID, EMAIL_TYPE, EMAIL_ADDRESS, LAST_UPDATED) VALUES ('9945', 'Guardian Email', 'brooke.koss@hotmail.com', '2020-10-23 22:53:32'); 
INSERT INTO EMAIL_INFO(CUSTOMER_ID, EMAIL_TYPE, EMAIL_ADDRESS, LAST_UPDATED) VALUES ('9945', 'Business Email', 'kendall.ledner@yahoo.com', '2020-10-21 17:41:38'); 
INSERT INTO CUSTOMER_INFO(CUSTOMER_ID, FIRST_NAME, LAST_NAME, LAST_UPDATED) VALUES ('6095', 'Aliya', 'Hartmann', '2020-10-18 13:44:47'); 
INSERT INTO PHONE_INFO(CUSTOMER_ID, PHONE_TYPE, PHONE_NUMBER, LAST_UPDATED) VALUES ('6095', 'Neighbour landline', '1-089-248-3521 x8882', '2020-10-24 21:46:49'); 
INSERT INTO PHONE_INFO(CUSTOMER_ID, PHONE_TYPE, PHONE_NUMBER, LAST_UPDATED) VALUES ('6095', 'Fax', '984.663.1457 x22285', '2020-10-24 10:58:25'); 
INSERT INTO PHONE_INFO(CUSTOMER_ID, PHONE_TYPE, PHONE_NUMBER, LAST_UPDATED) VALUES ('6095', 'Neighbour landline', '810-004-2167 x3727', '2020-10-22 06:04:23'); 
INSERT INTO EMAIL_INFO(CUSTOMER_ID, EMAIL_TYPE, EMAIL_ADDRESS, LAST_UPDATED) VALUES ('6095', 'Guardian Email', 'kaitlin.anderson@gmail.com', '2020-10-24 11:10:41'); 
INSERT INTO CUSTOMER_INFO(CUSTOMER_ID, FIRST_NAME, LAST_NAME, LAST_UPDATED) VALUES ('6276', 'Izabella', 'Jacobi', '2020-10-25 04:52:28'); 
INSERT INTO PHONE_INFO(CUSTOMER_ID, PHONE_TYPE, PHONE_NUMBER, LAST_UPDATED) VALUES ('6276', 'Fax', '(640) 022-4467', '2020-10-19 17:27:18'); 
INSERT INTO EMAIL_INFO(CUSTOMER_ID, EMAIL_TYPE, EMAIL_ADDRESS, LAST_UPDATED) VALUES ('6276', 'Personal Email', 'wilbert.bins@yahoo.com', '2020-10-21 09:43:05'); 
INSERT INTO EMAIL_INFO(CUSTOMER_ID, EMAIL_TYPE, EMAIL_ADDRESS, LAST_UPDATED) VALUES ('6276', 'Personal Email', 'heloise.botsford@yahoo.com', '2020-10-26 08:17:48'); 
INSERT INTO EMAIL_INFO(CUSTOMER_ID, EMAIL_TYPE, EMAIL_ADDRESS, LAST_UPDATED) VALUES ('6276', 'Guardian Email', 'freeda.kemmer@yahoo.com', '2020-10-24 08:56:35'); 
INSERT INTO EMAIL_INFO(CUSTOMER_ID, EMAIL_TYPE, EMAIL_ADDRESS, LAST_UPDATED) VALUES ('6276', 'Personal Email', 'robyn.armstrong@gmail.com', '2020-10-20 18:13:22'); 
INSERT INTO EMAIL_INFO(CUSTOMER_ID, EMAIL_TYPE, EMAIL_ADDRESS, LAST_UPDATED) VALUES ('6276', 'Business Email', 'jerrod.konopelski@gmail.com', '2020-10-26 05:27:58'); 
INSERT INTO CUSTOMER_INFO(CUSTOMER_ID, FIRST_NAME, LAST_NAME, LAST_UPDATED) VALUES ('8389', 'Mellie', 'Dach', '2020-10-24 10:35:29'); 
INSERT INTO PHONE_INFO(CUSTOMER_ID, PHONE_TYPE, PHONE_NUMBER, LAST_UPDATED) VALUES ('8389', 'Neighbour landline', '(959) 256-5383 x5173', '2020-10-25 01:08:26'); 
INSERT INTO PHONE_INFO(CUSTOMER_ID, PHONE_TYPE, PHONE_NUMBER, LAST_UPDATED) VALUES ('8389', 'Landline', '(574) 896-4048 x2735', '2020-10-25 14:36:28'); 
INSERT INTO EMAIL_INFO(CUSTOMER_ID, EMAIL_TYPE, EMAIL_ADDRESS, LAST_UPDATED) VALUES ('8389', 'Personal Email', 'schuyler.okon@yahoo.com', '2020-10-25 20:44:27'); 
INSERT INTO EMAIL_INFO(CUSTOMER_ID, EMAIL_TYPE, EMAIL_ADDRESS, LAST_UPDATED) VALUES ('8389', 'Guardian Email', 'colleen.oreilly@hotmail.com', '2020-10-22 08:14:21'); 
INSERT INTO EMAIL_INFO(CUSTOMER_ID, EMAIL_TYPE, EMAIL_ADDRESS, LAST_UPDATED) VALUES ('8389', 'Business Email', 'brandyn.parker@gmail.com', '2020-10-24 22:52:35'); 
INSERT INTO CUSTOMER_INFO(CUSTOMER_ID, FIRST_NAME, LAST_NAME, LAST_UPDATED) VALUES ('2499', 'Lucas', 'Reynolds', '2020-10-26 07:44:34'); 
INSERT INTO PHONE_INFO(CUSTOMER_ID, PHONE_TYPE, PHONE_NUMBER, LAST_UPDATED) VALUES ('2499', 'Guardian Phone', '(844) 589-2847 x39336', '2020-10-23 13:53:04'); 
INSERT INTO EMAIL_INFO(CUSTOMER_ID, EMAIL_TYPE, EMAIL_ADDRESS, LAST_UPDATED) VALUES ('2499', 'Business Email', 'julie.ullrich@hotmail.com', '2020-10-23 15:25:18'); 
INSERT INTO EMAIL_INFO(CUSTOMER_ID, EMAIL_TYPE, EMAIL_ADDRESS, LAST_UPDATED) VALUES ('2499', 'Personal Email', 'agnes.gleichner@gmail.com', '2020-10-23 19:31:09'); 
INSERT INTO EMAIL_INFO(CUSTOMER_ID, EMAIL_TYPE, EMAIL_ADDRESS, LAST_UPDATED) VALUES ('2499', 'Guardian Email', 'fatima.kuhic@hotmail.com', '2020-10-24 09:13:30'); 
INSERT INTO EMAIL_INFO(CUSTOMER_ID, EMAIL_TYPE, EMAIL_ADDRESS, LAST_UPDATED) VALUES ('2499', 'Personal Email', 'izaiah.murazik@yahoo.com', '2020-10-17 16:39:32'); 
INSERT INTO EMAIL_INFO(CUSTOMER_ID, EMAIL_TYPE, EMAIL_ADDRESS, LAST_UPDATED) VALUES ('2499', 'Personal Email', 'marie.lueilwitz@yahoo.com', '2020-10-23 03:22:26'); 
INSERT INTO CUSTOMER_INFO(CUSTOMER_ID, FIRST_NAME, LAST_NAME, LAST_UPDATED) VALUES ('2972', 'Dorris', 'Denesik', '2020-10-20 06:54:43'); 
INSERT INTO PHONE_INFO(CUSTOMER_ID, PHONE_TYPE, PHONE_NUMBER, LAST_UPDATED) VALUES ('2972', 'Fax', '(163) 509-3612 x963', '2020-10-19 17:28:10'); 
INSERT INTO EMAIL_INFO(CUSTOMER_ID, EMAIL_TYPE, EMAIL_ADDRESS, LAST_UPDATED) VALUES ('2972', 'Guardian Email', 'delores.murray@yahoo.com', '2020-10-25 01:39:04'); 
INSERT INTO EMAIL_INFO(CUSTOMER_ID, EMAIL_TYPE, EMAIL_ADDRESS, LAST_UPDATED) VALUES ('2972', 'Guardian Email', 'bill.krajcik@hotmail.com', '2020-10-26 13:29:31'); 
INSERT INTO EMAIL_INFO(CUSTOMER_ID, EMAIL_TYPE, EMAIL_ADDRESS, LAST_UPDATED) VALUES ('2972', 'Business Email', 'brennan.herzog@hotmail.com', '2020-10-25 13:37:46'); 
INSERT INTO EMAIL_INFO(CUSTOMER_ID, EMAIL_TYPE, EMAIL_ADDRESS, LAST_UPDATED) VALUES ('2972', 'Personal Email', 'rex.morar@hotmail.com', '2020-10-21 14:16:09'); 
INSERT INTO EMAIL_INFO(CUSTOMER_ID, EMAIL_TYPE, EMAIL_ADDRESS, LAST_UPDATED) VALUES ('2972', 'Personal Email', 'tamara.sporer@yahoo.com', '2020-10-26 08:39:26'); 
INSERT INTO CUSTOMER_INFO(CUSTOMER_ID, FIRST_NAME, LAST_NAME, LAST_UPDATED) VALUES ('8138', 'Thora', 'Nikolaus', '2020-10-19 23:22:01'); 
INSERT INTO PHONE_INFO(CUSTOMER_ID, PHONE_TYPE, PHONE_NUMBER, LAST_UPDATED) VALUES ('8138', 'Fax', '720-770-4912 x28833', '2020-10-25 20:29:31'); 
INSERT INTO PHONE_INFO(CUSTOMER_ID, PHONE_TYPE, PHONE_NUMBER, LAST_UPDATED) VALUES ('8138', 'Mobile', '1-104-598-6120 x775', '2020-10-24 04:01:36'); 
INSERT INTO PHONE_INFO(CUSTOMER_ID, PHONE_TYPE, PHONE_NUMBER, LAST_UPDATED) VALUES ('8138', 'Guardian Phone', '(521) 297-0265 x632', '2020-10-26 04:49:54'); 
INSERT INTO EMAIL_INFO(CUSTOMER_ID, EMAIL_TYPE, EMAIL_ADDRESS, LAST_UPDATED) VALUES ('8138', 'Official Email', 'floyd.kuhlman@yahoo.com', '2020-10-25 14:16:16'); 
INSERT INTO EMAIL_INFO(CUSTOMER_ID, EMAIL_TYPE, EMAIL_ADDRESS, LAST_UPDATED) VALUES ('8138', 'Personal Email', 'clemens.dickinson@yahoo.com', '2020-10-24 10:57:19'); 
INSERT INTO EMAIL_INFO(CUSTOMER_ID, EMAIL_TYPE, EMAIL_ADDRESS, LAST_UPDATED) VALUES ('8138', 'Guardian Email', 'mose.tremblay@hotmail.com', '2020-10-23 09:39:28'); 
INSERT INTO EMAIL_INFO(CUSTOMER_ID, EMAIL_TYPE, EMAIL_ADDRESS, LAST_UPDATED) VALUES ('8138', 'Business Email', 'erling.swaniawski@hotmail.com', '2020-10-26 01:04:43'); 
INSERT INTO EMAIL_INFO(CUSTOMER_ID, EMAIL_TYPE, EMAIL_ADDRESS, LAST_UPDATED) VALUES ('8138', 'Personal Email', 'tabitha.treutel@gmail.com', '2020-10-20 09:02:56'); 
INSERT INTO CUSTOMER_INFO(CUSTOMER_ID, FIRST_NAME, LAST_NAME, LAST_UPDATED) VALUES ('9025', 'Anthony', 'Goodwin', '2020-10-25 02:26:06'); 
INSERT INTO PHONE_INFO(CUSTOMER_ID, PHONE_TYPE, PHONE_NUMBER, LAST_UPDATED) VALUES ('9025', 'Neighbour landline', '872.534.5191 x9220', '2020-10-26 05:20:59'); 
INSERT INTO PHONE_INFO(CUSTOMER_ID, PHONE_TYPE, PHONE_NUMBER, LAST_UPDATED) VALUES ('9025', 'Mobile', '(720) 875-7280 x16098', '2020-10-17 20:29:02'); 
INSERT INTO PHONE_INFO(CUSTOMER_ID, PHONE_TYPE, PHONE_NUMBER, LAST_UPDATED) VALUES ('9025', 'Mobile', '147.750.5629 x6692', '2020-10-20 16:31:53'); 
INSERT INTO PHONE_INFO(CUSTOMER_ID, PHONE_TYPE, PHONE_NUMBER, LAST_UPDATED) VALUES ('9025', 'Fax', '1-004-593-7098 x6268', '2020-10-25 12:43:29'); 
INSERT INTO EMAIL_INFO(CUSTOMER_ID, EMAIL_TYPE, EMAIL_ADDRESS, LAST_UPDATED) VALUES ('9025', 'Guardian Email', 'vita.murazik@yahoo.com', '2020-10-26 07:20:30'); 
INSERT INTO EMAIL_INFO(CUSTOMER_ID, EMAIL_TYPE, EMAIL_ADDRESS, LAST_UPDATED) VALUES ('9025', 'Guardian Email', 'adrian.block@yahoo.com', '2020-10-23 20:12:16'); 
INSERT INTO CUSTOMER_INFO(CUSTOMER_ID, FIRST_NAME, LAST_NAME, LAST_UPDATED) VALUES ('2682', 'Jeramy', 'Terry', '2020-10-22 23:20:45'); 
INSERT INTO PHONE_INFO(CUSTOMER_ID, PHONE_TYPE, PHONE_NUMBER, LAST_UPDATED) VALUES ('2682', 'Landline', '632-370-6327', '2020-10-26 08:58:27'); 
INSERT INTO PHONE_INFO(CUSTOMER_ID, PHONE_TYPE, PHONE_NUMBER, LAST_UPDATED) VALUES ('2682', 'Mobile', '144-891-8410', '2020-10-23 11:33:55'); 
INSERT INTO PHONE_INFO(CUSTOMER_ID, PHONE_TYPE, PHONE_NUMBER, LAST_UPDATED) VALUES ('2682', 'Mobile', '683.525.0810', '2020-10-26 08:18:49'); 
INSERT INTO PHONE_INFO(CUSTOMER_ID, PHONE_TYPE, PHONE_NUMBER, LAST_UPDATED) VALUES ('2682', 'Guardian Phone', '(215) 879-1035 x3044', '2020-10-24 02:22:22'); 
INSERT INTO PHONE_INFO(CUSTOMER_ID, PHONE_TYPE, PHONE_NUMBER, LAST_UPDATED) VALUES ('2682', 'Fax', '482-501-2062', '2020-10-20 22:14:39'); 
INSERT INTO EMAIL_INFO(CUSTOMER_ID, EMAIL_TYPE, EMAIL_ADDRESS, LAST_UPDATED) VALUES ('2682', 'Personal Email', 'alden.erdman@hotmail.com', '2020-10-18 01:25:23'); 
INSERT INTO EMAIL_INFO(CUSTOMER_ID, EMAIL_TYPE, EMAIL_ADDRESS, LAST_UPDATED) VALUES ('2682', 'Personal Email', 'connie.ritchie@yahoo.com', '2020-10-24 09:23:38'); 
INSERT INTO EMAIL_INFO(CUSTOMER_ID, EMAIL_TYPE, EMAIL_ADDRESS, LAST_UPDATED) VALUES ('2682', 'Official Email', 'gennaro.herman@yahoo.com', '2020-10-20 04:05:38'); 
INSERT INTO EMAIL_INFO(CUSTOMER_ID, EMAIL_TYPE, EMAIL_ADDRESS, LAST_UPDATED) VALUES ('2682', 'Personal Email', 'vergie.haag@yahoo.com', '2020-10-25 17:09:32'); 
INSERT INTO CUSTOMER_INFO(CUSTOMER_ID, FIRST_NAME, LAST_NAME, LAST_UPDATED) VALUES ('3176', 'Edward', 'Toy', '2020-10-23 23:03:49'); 
INSERT INTO PHONE_INFO(CUSTOMER_ID, PHONE_TYPE, PHONE_NUMBER, LAST_UPDATED) VALUES ('3176', 'Neighbour landline', '571.027.5111 x2144', '2020-10-24 06:04:49'); 
INSERT INTO PHONE_INFO(CUSTOMER_ID, PHONE_TYPE, PHONE_NUMBER, LAST_UPDATED) VALUES ('3176', 'Mobile', '826.185.2216', '2020-10-20 00:37:31'); 
INSERT INTO PHONE_INFO(CUSTOMER_ID, PHONE_TYPE, PHONE_NUMBER, LAST_UPDATED) VALUES ('3176', 'Mobile', '1-227-403-6008', '2020-10-17 16:01:03'); 
INSERT INTO EMAIL_INFO(CUSTOMER_ID, EMAIL_TYPE, EMAIL_ADDRESS, LAST_UPDATED) VALUES ('3176', 'Personal Email', 'marquis.larson@gmail.com', '2020-10-25 11:10:58'); 
INSERT INTO EMAIL_INFO(CUSTOMER_ID, EMAIL_TYPE, EMAIL_ADDRESS, LAST_UPDATED) VALUES ('3176', 'Personal Email', 'kory.lemke@gmail.com', '2020-10-26 06:58:23'); 
INSERT INTO EMAIL_INFO(CUSTOMER_ID, EMAIL_TYPE, EMAIL_ADDRESS, LAST_UPDATED) VALUES ('3176', 'Personal Email', 'randall.nolan@hotmail.com', '2020-10-22 21:59:38'); 
INSERT INTO EMAIL_INFO(CUSTOMER_ID, EMAIL_TYPE, EMAIL_ADDRESS, LAST_UPDATED) VALUES ('3176', 'Business Email', 'brennon.fisher@yahoo.com', '2020-10-23 07:03:00'); 
INSERT INTO EMAIL_INFO(CUSTOMER_ID, EMAIL_TYPE, EMAIL_ADDRESS, LAST_UPDATED) VALUES ('3176', 'Guardian Email', 'damion.gerlach@gmail.com', '2020-10-21 15:15:54'); 
INSERT INTO CUSTOMER_INFO(CUSTOMER_ID, FIRST_NAME, LAST_NAME, LAST_UPDATED) VALUES ('1996', 'Kenna', 'Bogisich', '2020-10-26 04:42:47'); 
INSERT INTO PHONE_INFO(CUSTOMER_ID, PHONE_TYPE, PHONE_NUMBER, LAST_UPDATED) VALUES ('1996', 'Neighbour landline', '946-369-5514 x9527', '2020-10-23 10:52:31'); 
INSERT INTO PHONE_INFO(CUSTOMER_ID, PHONE_TYPE, PHONE_NUMBER, LAST_UPDATED) VALUES ('1996', 'Neighbour landline', '432-223-5445 x43836', '2020-10-19 02:57:07'); 
INSERT INTO EMAIL_INFO(CUSTOMER_ID, EMAIL_TYPE, EMAIL_ADDRESS, LAST_UPDATED) VALUES ('1996', 'Official Email', 'margarett.schaefer@yahoo.com', '2020-10-26 11:30:58'); 
INSERT INTO EMAIL_INFO(CUSTOMER_ID, EMAIL_TYPE, EMAIL_ADDRESS, LAST_UPDATED) VALUES ('1996', 'Official Email', 'gene.stracke@gmail.com', '2020-10-25 19:07:37'); 
INSERT INTO CUSTOMER_INFO(CUSTOMER_ID, FIRST_NAME, LAST_NAME, LAST_UPDATED) VALUES ('7960', 'Brooklyn', 'Nitzsche', '2020-10-24 21:20:23'); 
INSERT INTO PHONE_INFO(CUSTOMER_ID, PHONE_TYPE, PHONE_NUMBER, LAST_UPDATED) VALUES ('7960', 'Mobile', '1-571-449-7785 x34316', '2020-10-26 14:28:51'); 
INSERT INTO PHONE_INFO(CUSTOMER_ID, PHONE_TYPE, PHONE_NUMBER, LAST_UPDATED) VALUES ('7960', 'Landline', '1-782-807-8175 x916', '2020-10-19 01:07:04'); 
INSERT INTO PHONE_INFO(CUSTOMER_ID, PHONE_TYPE, PHONE_NUMBER, LAST_UPDATED) VALUES ('7960', 'Fax', '1-752-456-4443 x115', '2020-10-20 23:58:43'); 
INSERT INTO EMAIL_INFO(CUSTOMER_ID, EMAIL_TYPE, EMAIL_ADDRESS, LAST_UPDATED) VALUES ('7960', 'Business Email', 'dorian.bogan@gmail.com', '2020-10-23 09:50:04'); 
INSERT INTO EMAIL_INFO(CUSTOMER_ID, EMAIL_TYPE, EMAIL_ADDRESS, LAST_UPDATED) VALUES ('7960', 'Business Email', 'linda.rath@yahoo.com', '2020-10-26 08:39:22'); 
INSERT INTO CUSTOMER_INFO(CUSTOMER_ID, FIRST_NAME, LAST_NAME, LAST_UPDATED) VALUES ('4576', 'Erin', 'Gerlach', '2020-10-22 16:12:34'); 
INSERT INTO PHONE_INFO(CUSTOMER_ID, PHONE_TYPE, PHONE_NUMBER, LAST_UPDATED) VALUES ('4576', 'Landline', '293-806-6245 x506', '2020-10-25 05:20:07'); 
INSERT INTO EMAIL_INFO(CUSTOMER_ID, EMAIL_TYPE, EMAIL_ADDRESS, LAST_UPDATED) VALUES ('4576', 'Business Email', 'karl.bednar@yahoo.com', '2020-10-25 17:04:55'); 
INSERT INTO EMAIL_INFO(CUSTOMER_ID, EMAIL_TYPE, EMAIL_ADDRESS, LAST_UPDATED) VALUES ('4576', 'Business Email', 'kaycee.bauch@gmail.com', '2020-10-17 21:09:36'); 
INSERT INTO CUSTOMER_INFO(CUSTOMER_ID, FIRST_NAME, LAST_NAME, LAST_UPDATED) VALUES ('5195', 'Andre', 'Larson', '2020-10-24 02:23:03'); 
INSERT INTO PHONE_INFO(CUSTOMER_ID, PHONE_TYPE, PHONE_NUMBER, LAST_UPDATED) VALUES ('5195', 'Neighbour landline', '012.909.5591', '2020-10-26 07:11:21'); 
INSERT INTO PHONE_INFO(CUSTOMER_ID, PHONE_TYPE, PHONE_NUMBER, LAST_UPDATED) VALUES ('5195', 'Neighbour landline', '(528) 760-7017 x644', '2020-10-25 19:07:39'); 
INSERT INTO PHONE_INFO(CUSTOMER_ID, PHONE_TYPE, PHONE_NUMBER, LAST_UPDATED) VALUES ('5195', 'Mobile', '483-349-9056 x4452', '2020-10-24 13:31:10'); 
INSERT INTO PHONE_INFO(CUSTOMER_ID, PHONE_TYPE, PHONE_NUMBER, LAST_UPDATED) VALUES ('5195', 'Guardian Phone', '258-489-1981', '2020-10-25 20:59:47'); 
INSERT INTO PHONE_INFO(CUSTOMER_ID, PHONE_TYPE, PHONE_NUMBER, LAST_UPDATED) VALUES ('5195', 'Mobile', '952-112-2602 x112', '2020-10-23 19:37:54'); 
INSERT INTO EMAIL_INFO(CUSTOMER_ID, EMAIL_TYPE, EMAIL_ADDRESS, LAST_UPDATED) VALUES ('5195', 'Official Email', 'horacio.auer@yahoo.com', '2020-10-21 12:54:23'); 
INSERT INTO EMAIL_INFO(CUSTOMER_ID, EMAIL_TYPE, EMAIL_ADDRESS, LAST_UPDATED) VALUES ('5195', 'Business Email', 'andrew.lemke@yahoo.com', '2020-10-25 21:55:58'); 
INSERT INTO EMAIL_INFO(CUSTOMER_ID, EMAIL_TYPE, EMAIL_ADDRESS, LAST_UPDATED) VALUES ('5195', 'Business Email', 'marcella.lockman@yahoo.com', '2020-10-26 13:23:58'); 
INSERT INTO EMAIL_INFO(CUSTOMER_ID, EMAIL_TYPE, EMAIL_ADDRESS, LAST_UPDATED) VALUES ('5195', 'Business Email', 'tristin.adams@yahoo.com', '2020-10-26 03:31:37'); 
INSERT INTO CUSTOMER_INFO(CUSTOMER_ID, FIRST_NAME, LAST_NAME, LAST_UPDATED) VALUES ('1637', 'Faustino', 'Bartell', '2020-10-21 17:21:34'); 
INSERT INTO PHONE_INFO(CUSTOMER_ID, PHONE_TYPE, PHONE_NUMBER, LAST_UPDATED) VALUES ('1637', 'Mobile', '647.038.2570', '2020-10-26 01:55:36'); 
INSERT INTO PHONE_INFO(CUSTOMER_ID, PHONE_TYPE, PHONE_NUMBER, LAST_UPDATED) VALUES ('1637', 'Mobile', '1-242-615-3776', '2020-10-25 17:51:10'); 
INSERT INTO PHONE_INFO(CUSTOMER_ID, PHONE_TYPE, PHONE_NUMBER, LAST_UPDATED) VALUES ('1637', 'Neighbour landline', '880-511-6256 x13089', '2020-10-25 16:46:05'); 
INSERT INTO PHONE_INFO(CUSTOMER_ID, PHONE_TYPE, PHONE_NUMBER, LAST_UPDATED) VALUES ('1637', 'Fax', '841-751-7735 x22476', '2020-10-23 08:04:30'); 
INSERT INTO EMAIL_INFO(CUSTOMER_ID, EMAIL_TYPE, EMAIL_ADDRESS, LAST_UPDATED) VALUES ('1637', 'Personal Email', 'iva.nolan@yahoo.com', '2020-10-25 04:39:35'); 
INSERT INTO EMAIL_INFO(CUSTOMER_ID, EMAIL_TYPE, EMAIL_ADDRESS, LAST_UPDATED) VALUES ('1637', 'Guardian Email', 'abraham.heller@gmail.com', '2020-10-25 10:58:31'); 
INSERT INTO EMAIL_INFO(CUSTOMER_ID, EMAIL_TYPE, EMAIL_ADDRESS, LAST_UPDATED) VALUES ('1637', 'Personal Email', 'anderson.feil@yahoo.com', '2020-10-26 02:35:05'); 
INSERT INTO EMAIL_INFO(CUSTOMER_ID, EMAIL_TYPE, EMAIL_ADDRESS, LAST_UPDATED) VALUES ('1637', 'Guardian Email', 'kaleigh.connelly@gmail.com', '2020-10-26 06:32:25'); 
INSERT INTO EMAIL_INFO(CUSTOMER_ID, EMAIL_TYPE, EMAIL_ADDRESS, LAST_UPDATED) VALUES ('1637', 'Guardian Email', 'vince.nitzsche@gmail.com', '2020-10-18 00:34:51'); 
INSERT INTO CUSTOMER_INFO(CUSTOMER_ID, FIRST_NAME, LAST_NAME, LAST_UPDATED) VALUES ('8834', 'David', 'Ondricka', '2020-10-22 18:07:09'); 
INSERT INTO PHONE_INFO(CUSTOMER_ID, PHONE_TYPE, PHONE_NUMBER, LAST_UPDATED) VALUES ('8834', 'Guardian Phone', '(752) 325-6856 x1639', '2020-10-22 16:32:14'); 
INSERT INTO PHONE_INFO(CUSTOMER_ID, PHONE_TYPE, PHONE_NUMBER, LAST_UPDATED) VALUES ('8834', 'Neighbour landline', '(701) 054-2706', '2020-10-21 10:01:52'); 
INSERT INTO PHONE_INFO(CUSTOMER_ID, PHONE_TYPE, PHONE_NUMBER, LAST_UPDATED) VALUES ('8834', 'Guardian Phone', '466-677-8640', '2020-10-26 00:21:46'); 
INSERT INTO EMAIL_INFO(CUSTOMER_ID, EMAIL_TYPE, EMAIL_ADDRESS, LAST_UPDATED) VALUES ('8834', 'Official Email', 'wilmer.kozey@hotmail.com', '2020-10-25 09:44:14'); 
INSERT INTO CUSTOMER_INFO(CUSTOMER_ID, FIRST_NAME, LAST_NAME, LAST_UPDATED) VALUES ('1272', 'Ray', 'DAmore', '2020-10-18 16:23:49'); 
INSERT INTO PHONE_INFO(CUSTOMER_ID, PHONE_TYPE, PHONE_NUMBER, LAST_UPDATED) VALUES ('1272', 'Guardian Phone', '084-942-8578', '2020-10-25 23:32:43'); 
INSERT INTO EMAIL_INFO(CUSTOMER_ID, EMAIL_TYPE, EMAIL_ADDRESS, LAST_UPDATED) VALUES ('1272', 'Business Email', 'aimee.daugherty@gmail.com', '2020-10-25 00:10:31'); 
INSERT INTO CUSTOMER_INFO(CUSTOMER_ID, FIRST_NAME, LAST_NAME, LAST_UPDATED) VALUES ('5845', 'Kellie', 'Quigley', '2020-10-24 20:43:11'); 
INSERT INTO PHONE_INFO(CUSTOMER_ID, PHONE_TYPE, PHONE_NUMBER, LAST_UPDATED) VALUES ('5845', 'Fax', '1-235-409-8658', '2020-10-24 18:46:34'); 
INSERT INTO PHONE_INFO(CUSTOMER_ID, PHONE_TYPE, PHONE_NUMBER, LAST_UPDATED) VALUES ('5845', 'Neighbour landline', '843.594.3755', '2020-10-25 18:57:31'); 
INSERT INTO PHONE_INFO(CUSTOMER_ID, PHONE_TYPE, PHONE_NUMBER, LAST_UPDATED) VALUES ('5845', 'Neighbour landline', '(387) 510-0416 x962', '2020-10-24 07:37:06'); 
INSERT INTO PHONE_INFO(CUSTOMER_ID, PHONE_TYPE, PHONE_NUMBER, LAST_UPDATED) VALUES ('5845', 'Landline', '(457) 881-7665', '2020-10-24 13:39:57'); 
INSERT INTO PHONE_INFO(CUSTOMER_ID, PHONE_TYPE, PHONE_NUMBER, LAST_UPDATED) VALUES ('5845', 'Landline', '(082) 631-5304', '2020-10-19 10:45:53'); 
INSERT INTO EMAIL_INFO(CUSTOMER_ID, EMAIL_TYPE, EMAIL_ADDRESS, LAST_UPDATED) VALUES ('5845', 'Business Email', 'arch.okuneva@gmail.com', '2020-10-23 06:09:13'); 
INSERT INTO CUSTOMER_INFO(CUSTOMER_ID, FIRST_NAME, LAST_NAME, LAST_UPDATED) VALUES ('6479', 'Payton', 'Collins', '2020-10-22 20:38:33'); 
INSERT INTO PHONE_INFO(CUSTOMER_ID, PHONE_TYPE, PHONE_NUMBER, LAST_UPDATED) VALUES ('6479', 'Fax', '808.427.9180', '2020-10-24 20:13:27'); 
INSERT INTO PHONE_INFO(CUSTOMER_ID, PHONE_TYPE, PHONE_NUMBER, LAST_UPDATED) VALUES ('6479', 'Mobile', '(095) 438-1297 x058', '2020-10-25 04:41:08'); 
INSERT INTO EMAIL_INFO(CUSTOMER_ID, EMAIL_TYPE, EMAIL_ADDRESS, LAST_UPDATED) VALUES ('6479', 'Personal Email', 'aryanna.beahan@yahoo.com', '2020-10-18 05:24:42'); 
INSERT INTO CUSTOMER_INFO(CUSTOMER_ID, FIRST_NAME, LAST_NAME, LAST_UPDATED) VALUES ('5372', 'Brenda', 'Marvin', '2020-10-19 16:16:37'); 
INSERT INTO PHONE_INFO(CUSTOMER_ID, PHONE_TYPE, PHONE_NUMBER, LAST_UPDATED) VALUES ('5372', 'Neighbour landline', '832-054-5613', '2020-10-19 21:27:17'); 
INSERT INTO PHONE_INFO(CUSTOMER_ID, PHONE_TYPE, PHONE_NUMBER, LAST_UPDATED) VALUES ('5372', 'Fax', '110.732.2963 x2465', '2020-10-23 07:56:21'); 
INSERT INTO EMAIL_INFO(CUSTOMER_ID, EMAIL_TYPE, EMAIL_ADDRESS, LAST_UPDATED) VALUES ('5372', 'Official Email', 'george.brekke@hotmail.com', '2020-10-23 11:26:53'); 
INSERT INTO EMAIL_INFO(CUSTOMER_ID, EMAIL_TYPE, EMAIL_ADDRESS, LAST_UPDATED) VALUES ('5372', 'Official Email', 'margret.windler@yahoo.com', '2020-10-21 13:03:44'); 
INSERT INTO EMAIL_INFO(CUSTOMER_ID, EMAIL_TYPE, EMAIL_ADDRESS, LAST_UPDATED) VALUES ('5372', 'Official Email', 'aurelie.weissnat@yahoo.com', '2020-10-25 04:28:38'); 
INSERT INTO CUSTOMER_INFO(CUSTOMER_ID, FIRST_NAME, LAST_NAME, LAST_UPDATED) VALUES ('6358', 'Brenda', 'Dietrich', '2020-10-21 15:18:15'); 
INSERT INTO PHONE_INFO(CUSTOMER_ID, PHONE_TYPE, PHONE_NUMBER, LAST_UPDATED) VALUES ('6358', 'Neighbour landline', '1-702-753-0053 x2800', '2020-10-25 18:12:39'); 
INSERT INTO PHONE_INFO(CUSTOMER_ID, PHONE_TYPE, PHONE_NUMBER, LAST_UPDATED) VALUES ('6358', 'Fax', '944-657-9827', '2020-10-26 13:53:36'); 
INSERT INTO PHONE_INFO(CUSTOMER_ID, PHONE_TYPE, PHONE_NUMBER, LAST_UPDATED) VALUES ('6358', 'Landline', '283-402-1845', '2020-10-26 12:36:22'); 
INSERT INTO PHONE_INFO(CUSTOMER_ID, PHONE_TYPE, PHONE_NUMBER, LAST_UPDATED) VALUES ('6358', 'Mobile', '087.896.7737 x2731', '2020-10-18 14:12:40'); 
INSERT INTO EMAIL_INFO(CUSTOMER_ID, EMAIL_TYPE, EMAIL_ADDRESS, LAST_UPDATED) VALUES ('6358', 'Guardian Email', 'josefa.roberts@gmail.com', '2020-10-24 13:38:41'); 
INSERT INTO EMAIL_INFO(CUSTOMER_ID, EMAIL_TYPE, EMAIL_ADDRESS, LAST_UPDATED) VALUES ('6358', 'Official Email', 'hipolito.price@hotmail.com', '2020-10-24 14:26:20'); 
INSERT INTO EMAIL_INFO(CUSTOMER_ID, EMAIL_TYPE, EMAIL_ADDRESS, LAST_UPDATED) VALUES ('6358', 'Personal Email', 'dorris.purdy@yahoo.com', '2020-10-25 01:21:27'); 
INSERT INTO EMAIL_INFO(CUSTOMER_ID, EMAIL_TYPE, EMAIL_ADDRESS, LAST_UPDATED) VALUES ('6358', 'Guardian Email', 'vincent.ernser@yahoo.com', '2020-10-21 15:54:17'); 
INSERT INTO EMAIL_INFO(CUSTOMER_ID, EMAIL_TYPE, EMAIL_ADDRESS, LAST_UPDATED) VALUES ('6358', 'Guardian Email', 'marianne.kirlin@gmail.com', '2020-10-22 04:26:56'); 
INSERT INTO CUSTOMER_INFO(CUSTOMER_ID, FIRST_NAME, LAST_NAME, LAST_UPDATED) VALUES ('4612', 'Rocio', 'Pollich', '2020-10-22 03:25:28'); 
INSERT INTO PHONE_INFO(CUSTOMER_ID, PHONE_TYPE, PHONE_NUMBER, LAST_UPDATED) VALUES ('4612', 'Landline', '557-377-4261', '2020-10-25 17:09:29'); 
INSERT INTO EMAIL_INFO(CUSTOMER_ID, EMAIL_TYPE, EMAIL_ADDRESS, LAST_UPDATED) VALUES ('4612', 'Official Email', 'avis.leannon@gmail.com', '2020-10-23 09:19:53'); 
INSERT INTO EMAIL_INFO(CUSTOMER_ID, EMAIL_TYPE, EMAIL_ADDRESS, LAST_UPDATED) VALUES ('4612', 'Personal Email', 'laverna.schroeder@hotmail.com', '2020-10-26 15:01:03'); 
INSERT INTO EMAIL_INFO(CUSTOMER_ID, EMAIL_TYPE, EMAIL_ADDRESS, LAST_UPDATED) VALUES ('4612', 'Business Email', 'trever.hayes@gmail.com', '2020-10-24 19:20:00'); 
INSERT INTO CUSTOMER_INFO(CUSTOMER_ID, FIRST_NAME, LAST_NAME, LAST_UPDATED) VALUES ('8166', 'Sasha', 'Champlin', '2020-10-26 13:21:25'); 
INSERT INTO PHONE_INFO(CUSTOMER_ID, PHONE_TYPE, PHONE_NUMBER, LAST_UPDATED) VALUES ('8166', 'Guardian Phone', '(909) 362-7188 x58931', '2020-10-25 13:19:01'); 
INSERT INTO PHONE_INFO(CUSTOMER_ID, PHONE_TYPE, PHONE_NUMBER, LAST_UPDATED) VALUES ('8166', 'Mobile', '042.546.7293', '2020-10-22 00:08:37'); 
INSERT INTO PHONE_INFO(CUSTOMER_ID, PHONE_TYPE, PHONE_NUMBER, LAST_UPDATED) VALUES ('8166', 'Landline', '034-569-3818 x914', '2020-10-25 13:01:36'); 
INSERT INTO PHONE_INFO(CUSTOMER_ID, PHONE_TYPE, PHONE_NUMBER, LAST_UPDATED) VALUES ('8166', 'Landline', '(466) 547-4506 x7189', '2020-10-20 18:21:11'); 
INSERT INTO EMAIL_INFO(CUSTOMER_ID, EMAIL_TYPE, EMAIL_ADDRESS, LAST_UPDATED) VALUES ('8166', 'Official Email', 'sasha.cummings@hotmail.com', '2020-10-25 02:01:57'); 
INSERT INTO EMAIL_INFO(CUSTOMER_ID, EMAIL_TYPE, EMAIL_ADDRESS, LAST_UPDATED) VALUES ('8166', 'Guardian Email', 'christina.grady@gmail.com', '2020-10-18 01:54:52'); 
INSERT INTO EMAIL_INFO(CUSTOMER_ID, EMAIL_TYPE, EMAIL_ADDRESS, LAST_UPDATED) VALUES ('8166', 'Official Email', 'randal.collier@hotmail.com', '2020-10-25 00:22:37'); 
INSERT INTO EMAIL_INFO(CUSTOMER_ID, EMAIL_TYPE, EMAIL_ADDRESS, LAST_UPDATED) VALUES ('8166', 'Guardian Email', 'eliane.harris@yahoo.com', '2020-10-22 05:47:58'); 
INSERT INTO EMAIL_INFO(CUSTOMER_ID, EMAIL_TYPE, EMAIL_ADDRESS, LAST_UPDATED) VALUES ('8166', 'Business Email', 'johnathan.swaniawski@yahoo.com', '2020-10-25 02:52:33'); 
INSERT INTO CUSTOMER_INFO(CUSTOMER_ID, FIRST_NAME, LAST_NAME, LAST_UPDATED) VALUES ('4041', 'Everette', 'Mohr', '2020-10-26 04:04:05'); 
INSERT INTO PHONE_INFO(CUSTOMER_ID, PHONE_TYPE, PHONE_NUMBER, LAST_UPDATED) VALUES ('4041', 'Landline', '1-988-828-7197 x9728', '2020-10-24 12:24:13'); 
INSERT INTO PHONE_INFO(CUSTOMER_ID, PHONE_TYPE, PHONE_NUMBER, LAST_UPDATED) VALUES ('4041', 'Fax', '897-691-0775', '2020-10-25 23:33:19'); 
INSERT INTO PHONE_INFO(CUSTOMER_ID, PHONE_TYPE, PHONE_NUMBER, LAST_UPDATED) VALUES ('4041', 'Guardian Phone', '030-405-3113 x22997', '2020-10-25 15:50:31'); 
INSERT INTO PHONE_INFO(CUSTOMER_ID, PHONE_TYPE, PHONE_NUMBER, LAST_UPDATED) VALUES ('4041', 'Landline', '1-254-014-2188', '2020-10-19 05:28:55'); 
INSERT INTO PHONE_INFO(CUSTOMER_ID, PHONE_TYPE, PHONE_NUMBER, LAST_UPDATED) VALUES ('4041', 'Neighbour landline', '306.818.9199 x323', '2020-10-25 22:04:05'); 
INSERT INTO EMAIL_INFO(CUSTOMER_ID, EMAIL_TYPE, EMAIL_ADDRESS, LAST_UPDATED) VALUES ('4041', 'Business Email', 'pearlie.rath@gmail.com', '2020-10-26 11:51:25'); 
INSERT INTO CUSTOMER_INFO(CUSTOMER_ID, FIRST_NAME, LAST_NAME, LAST_UPDATED) VALUES ('5221', 'Julian', 'Schmitt', '2020-10-22 12:25:50'); 
INSERT INTO PHONE_INFO(CUSTOMER_ID, PHONE_TYPE, PHONE_NUMBER, LAST_UPDATED) VALUES ('5221', 'Guardian Phone', '627.969.4976 x027', '2020-10-21 01:45:00'); 
INSERT INTO EMAIL_INFO(CUSTOMER_ID, EMAIL_TYPE, EMAIL_ADDRESS, LAST_UPDATED) VALUES ('5221', 'Personal Email', 'chase.hane@hotmail.com', '2020-10-24 16:43:51'); 
INSERT INTO CUSTOMER_INFO(CUSTOMER_ID, FIRST_NAME, LAST_NAME, LAST_UPDATED) VALUES ('9615', 'Anissa', 'Moore', '2020-10-26 01:36:12'); 
INSERT INTO PHONE_INFO(CUSTOMER_ID, PHONE_TYPE, PHONE_NUMBER, LAST_UPDATED) VALUES ('9615', 'Neighbour landline', '778-226-6813', '2020-10-25 17:03:36'); 
INSERT INTO PHONE_INFO(CUSTOMER_ID, PHONE_TYPE, PHONE_NUMBER, LAST_UPDATED) VALUES ('9615', 'Mobile', '1-858-685-9936 x326', '2020-10-23 01:24:31'); 
INSERT INTO PHONE_INFO(CUSTOMER_ID, PHONE_TYPE, PHONE_NUMBER, LAST_UPDATED) VALUES ('9615', 'Neighbour landline', '(280) 720-4822', '2020-10-24 15:14:41'); 
INSERT INTO PHONE_INFO(CUSTOMER_ID, PHONE_TYPE, PHONE_NUMBER, LAST_UPDATED) VALUES ('9615', 'Landline', '(624) 953-5305', '2020-10-21 01:02:25'); 
INSERT INTO PHONE_INFO(CUSTOMER_ID, PHONE_TYPE, PHONE_NUMBER, LAST_UPDATED) VALUES ('9615', 'Landline', '223.606.8148', '2020-10-21 22:35:39'); 
INSERT INTO EMAIL_INFO(CUSTOMER_ID, EMAIL_TYPE, EMAIL_ADDRESS, LAST_UPDATED) VALUES ('9615', 'Personal Email', 'herminio.stokes@yahoo.com', '2020-10-26 01:03:14'); 
INSERT INTO EMAIL_INFO(CUSTOMER_ID, EMAIL_TYPE, EMAIL_ADDRESS, LAST_UPDATED) VALUES ('9615', 'Personal Email', 'bulah.schneider@hotmail.com', '2020-10-26 02:13:55'); 
INSERT INTO EMAIL_INFO(CUSTOMER_ID, EMAIL_TYPE, EMAIL_ADDRESS, LAST_UPDATED) VALUES ('9615', 'Official Email', 'jaida.reichert@hotmail.com', '2020-10-21 23:18:06'); 
INSERT INTO EMAIL_INFO(CUSTOMER_ID, EMAIL_TYPE, EMAIL_ADDRESS, LAST_UPDATED) VALUES ('9615', 'Personal Email', 'nola.medhurst@gmail.com', '2020-10-26 12:46:06'); 
INSERT INTO EMAIL_INFO(CUSTOMER_ID, EMAIL_TYPE, EMAIL_ADDRESS, LAST_UPDATED) VALUES ('9615', 'Guardian Email', 'brittany.kub@hotmail.com', '2020-10-25 16:19:23'); 
INSERT INTO CUSTOMER_INFO(CUSTOMER_ID, FIRST_NAME, LAST_NAME, LAST_UPDATED) VALUES ('6703', 'Hilma', 'Halvorson', '2020-10-22 22:09:54'); 
INSERT INTO PHONE_INFO(CUSTOMER_ID, PHONE_TYPE, PHONE_NUMBER, LAST_UPDATED) VALUES ('6703', 'Mobile', '1-144-539-8139 x23068', '2020-10-23 03:12:20'); 
INSERT INTO PHONE_INFO(CUSTOMER_ID, PHONE_TYPE, PHONE_NUMBER, LAST_UPDATED) VALUES ('6703', 'Fax', '586.615.3436 x4448', '2020-10-23 16:50:18'); 
INSERT INTO PHONE_INFO(CUSTOMER_ID, PHONE_TYPE, PHONE_NUMBER, LAST_UPDATED) VALUES ('6703', 'Fax', '834-541-7520 x849', '2020-10-25 15:31:51'); 
INSERT INTO PHONE_INFO(CUSTOMER_ID, PHONE_TYPE, PHONE_NUMBER, LAST_UPDATED) VALUES ('6703', 'Guardian Phone', '401-446-9092 x12618', '2020-10-26 00:52:18'); 
INSERT INTO EMAIL_INFO(CUSTOMER_ID, EMAIL_TYPE, EMAIL_ADDRESS, LAST_UPDATED) VALUES ('6703', 'Guardian Email', 'celia.kihn@hotmail.com', '2020-10-25 07:35:11'); 
INSERT INTO EMAIL_INFO(CUSTOMER_ID, EMAIL_TYPE, EMAIL_ADDRESS, LAST_UPDATED) VALUES ('6703', 'Guardian Email', 'orin.wyman@yahoo.com', '2020-10-24 00:27:24'); 
INSERT INTO CUSTOMER_INFO(CUSTOMER_ID, FIRST_NAME, LAST_NAME, LAST_UPDATED) VALUES ('2570', 'Joseph', 'Wolff', '2020-10-25 20:36:46'); 
INSERT INTO PHONE_INFO(CUSTOMER_ID, PHONE_TYPE, PHONE_NUMBER, LAST_UPDATED) VALUES ('2570', 'Fax', '431-419-9645 x493', '2020-10-26 01:00:49'); 
INSERT INTO PHONE_INFO(CUSTOMER_ID, PHONE_TYPE, PHONE_NUMBER, LAST_UPDATED) VALUES ('2570', 'Landline', '535.079.7647 x11591', '2020-10-23 23:00:05'); 
INSERT INTO PHONE_INFO(CUSTOMER_ID, PHONE_TYPE, PHONE_NUMBER, LAST_UPDATED) VALUES ('2570', 'Fax', '501-255-5005', '2020-10-24 07:10:15'); 
INSERT INTO EMAIL_INFO(CUSTOMER_ID, EMAIL_TYPE, EMAIL_ADDRESS, LAST_UPDATED) VALUES ('2570', 'Business Email', 'brady.medhurst@gmail.com', '2020-10-17 19:37:37'); 
INSERT INTO EMAIL_INFO(CUSTOMER_ID, EMAIL_TYPE, EMAIL_ADDRESS, LAST_UPDATED) VALUES ('2570', 'Official Email', 'marlee.conroy@gmail.com', '2020-10-23 12:09:55'); 
INSERT INTO CUSTOMER_INFO(CUSTOMER_ID, FIRST_NAME, LAST_NAME, LAST_UPDATED) VALUES ('3242', 'Maiya', 'Prohaska', '2020-10-25 20:46:03'); 
INSERT INTO PHONE_INFO(CUSTOMER_ID, PHONE_TYPE, PHONE_NUMBER, LAST_UPDATED) VALUES ('3242', 'Guardian Phone', '(121) 735-1144 x99227', '2020-10-24 05:33:53'); 
INSERT INTO PHONE_INFO(CUSTOMER_ID, PHONE_TYPE, PHONE_NUMBER, LAST_UPDATED) VALUES ('3242', 'Mobile', '1-400-033-8069', '2020-10-25 15:43:05'); 
INSERT INTO EMAIL_INFO(CUSTOMER_ID, EMAIL_TYPE, EMAIL_ADDRESS, LAST_UPDATED) VALUES ('3242', 'Business Email', 'freeman.welch@yahoo.com', '2020-10-26 10:34:28'); 
INSERT INTO CUSTOMER_INFO(CUSTOMER_ID, FIRST_NAME, LAST_NAME, LAST_UPDATED) VALUES ('7020', 'Samanta', 'Dickens', '2020-10-19 19:51:40'); 
INSERT INTO PHONE_INFO(CUSTOMER_ID, PHONE_TYPE, PHONE_NUMBER, LAST_UPDATED) VALUES ('7020', 'Mobile', '703.570.5756 x914', '2020-10-23 00:33:49'); 
INSERT INTO PHONE_INFO(CUSTOMER_ID, PHONE_TYPE, PHONE_NUMBER, LAST_UPDATED) VALUES ('7020', 'Fax', '955-354-0680 x55582', '2020-10-23 18:11:39'); 
INSERT INTO EMAIL_INFO(CUSTOMER_ID, EMAIL_TYPE, EMAIL_ADDRESS, LAST_UPDATED) VALUES ('7020', 'Business Email', 'dayton.rice@gmail.com', '2020-10-24 15:12:23'); 
INSERT INTO EMAIL_INFO(CUSTOMER_ID, EMAIL_TYPE, EMAIL_ADDRESS, LAST_UPDATED) VALUES ('7020', 'Personal Email', 'maximillian.konopelski@yahoo.com', '2020-10-22 21:42:46'); 
INSERT INTO EMAIL_INFO(CUSTOMER_ID, EMAIL_TYPE, EMAIL_ADDRESS, LAST_UPDATED) VALUES ('7020', 'Official Email', 'willa.marquardt@yahoo.com', '2020-10-19 00:00:30'); 
INSERT INTO EMAIL_INFO(CUSTOMER_ID, EMAIL_TYPE, EMAIL_ADDRESS, LAST_UPDATED) VALUES ('7020', 'Personal Email', 'ubaldo.morissette@gmail.com', '2020-10-26 02:52:08'); 
INSERT INTO EMAIL_INFO(CUSTOMER_ID, EMAIL_TYPE, EMAIL_ADDRESS, LAST_UPDATED) VALUES ('7020', 'Official Email', 'nannie.rosenbaum@gmail.com', '2020-10-22 18:41:00'); 
INSERT INTO CUSTOMER_INFO(CUSTOMER_ID, FIRST_NAME, LAST_NAME, LAST_UPDATED) VALUES ('1948', 'Evelyn', 'Abernathy', '2020-10-20 16:29:29'); 
INSERT INTO PHONE_INFO(CUSTOMER_ID, PHONE_TYPE, PHONE_NUMBER, LAST_UPDATED) VALUES ('1948', 'Guardian Phone', '604-271-3692 x37839', '2020-10-24 14:16:48'); 
INSERT INTO PHONE_INFO(CUSTOMER_ID, PHONE_TYPE, PHONE_NUMBER, LAST_UPDATED) VALUES ('1948', 'Mobile', '880.306.4425', '2020-10-21 01:54:00'); 
INSERT INTO PHONE_INFO(CUSTOMER_ID, PHONE_TYPE, PHONE_NUMBER, LAST_UPDATED) VALUES ('1948', 'Landline', '1-354-077-3546', '2020-10-26 00:46:15'); 
INSERT INTO PHONE_INFO(CUSTOMER_ID, PHONE_TYPE, PHONE_NUMBER, LAST_UPDATED) VALUES ('1948', 'Landline', '082-791-0881', '2020-10-23 19:11:49'); 
INSERT INTO PHONE_INFO(CUSTOMER_ID, PHONE_TYPE, PHONE_NUMBER, LAST_UPDATED) VALUES ('1948', 'Neighbour landline', '1-022-935-0631', '2020-10-22 20:19:25'); 
INSERT INTO EMAIL_INFO(CUSTOMER_ID, EMAIL_TYPE, EMAIL_ADDRESS, LAST_UPDATED) VALUES ('1948', 'Business Email', 'agustin.king@yahoo.com', '2020-10-19 00:38:14'); 
INSERT INTO EMAIL_INFO(CUSTOMER_ID, EMAIL_TYPE, EMAIL_ADDRESS, LAST_UPDATED) VALUES ('1948', 'Personal Email', 'oral.daniel@hotmail.com', '2020-10-22 17:41:00'); 
INSERT INTO EMAIL_INFO(CUSTOMER_ID, EMAIL_TYPE, EMAIL_ADDRESS, LAST_UPDATED) VALUES ('1948', 'Guardian Email', 'kelton.davis@gmail.com', '2020-10-24 16:56:32'); 
INSERT INTO CUSTOMER_INFO(CUSTOMER_ID, FIRST_NAME, LAST_NAME, LAST_UPDATED) VALUES ('4864', 'Emelie', 'Nader', '2020-10-26 07:44:07'); 
INSERT INTO PHONE_INFO(CUSTOMER_ID, PHONE_TYPE, PHONE_NUMBER, LAST_UPDATED) VALUES ('4864', 'Fax', '217.048.7195 x0330', '2020-10-24 17:17:54'); 
INSERT INTO PHONE_INFO(CUSTOMER_ID, PHONE_TYPE, PHONE_NUMBER, LAST_UPDATED) VALUES ('4864', 'Neighbour landline', '521.413.2674 x248', '2020-10-26 00:28:17'); 
INSERT INTO PHONE_INFO(CUSTOMER_ID, PHONE_TYPE, PHONE_NUMBER, LAST_UPDATED) VALUES ('4864', 'Guardian Phone', '1-102-166-7893 x257', '2020-10-24 08:07:26'); 
INSERT INTO EMAIL_INFO(CUSTOMER_ID, EMAIL_TYPE, EMAIL_ADDRESS, LAST_UPDATED) VALUES ('4864', 'Official Email', 'thaddeus.ernser@gmail.com', '2020-10-22 15:30:01'); 
INSERT INTO CUSTOMER_INFO(CUSTOMER_ID, FIRST_NAME, LAST_NAME, LAST_UPDATED) VALUES ('6726', 'Marco', 'Ritchie', '2020-10-23 10:45:54'); 
INSERT INTO PHONE_INFO(CUSTOMER_ID, PHONE_TYPE, PHONE_NUMBER, LAST_UPDATED) VALUES ('6726', 'Mobile', '317-680-4019 x73549', '2020-10-20 16:04:36'); 
INSERT INTO PHONE_INFO(CUSTOMER_ID, PHONE_TYPE, PHONE_NUMBER, LAST_UPDATED) VALUES ('6726', 'Neighbour landline', '1-927-789-2860', '2020-10-25 22:26:46'); 
INSERT INTO PHONE_INFO(CUSTOMER_ID, PHONE_TYPE, PHONE_NUMBER, LAST_UPDATED) VALUES ('6726', 'Mobile', '1-431-115-4448 x560', '2020-10-23 15:07:47'); 
INSERT INTO EMAIL_INFO(CUSTOMER_ID, EMAIL_TYPE, EMAIL_ADDRESS, LAST_UPDATED) VALUES ('6726', 'Business Email', 'ryley.prosacco@gmail.com', '2020-10-18 21:06:58'); 
INSERT INTO EMAIL_INFO(CUSTOMER_ID, EMAIL_TYPE, EMAIL_ADDRESS, LAST_UPDATED) VALUES ('6726', 'Personal Email', 'bertrand.adams@hotmail.com', '2020-10-21 18:52:31'); 
INSERT INTO EMAIL_INFO(CUSTOMER_ID, EMAIL_TYPE, EMAIL_ADDRESS, LAST_UPDATED) VALUES ('6726', 'Personal Email', 'jefferey.jacobi@gmail.com', '2020-10-22 12:27:10'); 
INSERT INTO CUSTOMER_INFO(CUSTOMER_ID, FIRST_NAME, LAST_NAME, LAST_UPDATED) VALUES ('4529', 'Wilmer', 'Hegmann', '2020-10-18 16:26:35'); 
INSERT INTO PHONE_INFO(CUSTOMER_ID, PHONE_TYPE, PHONE_NUMBER, LAST_UPDATED) VALUES ('4529', 'Landline', '782-414-5691', '2020-10-23 16:20:49'); 
INSERT INTO EMAIL_INFO(CUSTOMER_ID, EMAIL_TYPE, EMAIL_ADDRESS, LAST_UPDATED) VALUES ('4529', 'Official Email', 'kayden.murphy@gmail.com', '2020-10-24 09:36:06'); 
INSERT INTO EMAIL_INFO(CUSTOMER_ID, EMAIL_TYPE, EMAIL_ADDRESS, LAST_UPDATED) VALUES ('4529', 'Official Email', 'fausto.lemke@yahoo.com', '2020-10-20 15:47:46'); 
INSERT INTO EMAIL_INFO(CUSTOMER_ID, EMAIL_TYPE, EMAIL_ADDRESS, LAST_UPDATED) VALUES ('4529', 'Personal Email', 'lonnie.reynolds@yahoo.com', '2020-10-24 11:54:13'); 
INSERT INTO CUSTOMER_INFO(CUSTOMER_ID, FIRST_NAME, LAST_NAME, LAST_UPDATED) VALUES ('3857', 'Suzanne', 'Hayes', '2020-10-25 13:53:29'); 
INSERT INTO PHONE_INFO(CUSTOMER_ID, PHONE_TYPE, PHONE_NUMBER, LAST_UPDATED) VALUES ('3857', 'Neighbour landline', '706-821-2731', '2020-10-23 14:06:53'); 
INSERT INTO PHONE_INFO(CUSTOMER_ID, PHONE_TYPE, PHONE_NUMBER, LAST_UPDATED) VALUES ('3857', 'Guardian Phone', '973-130-6533 x97652', '2020-10-16 20:04:19'); 
INSERT INTO PHONE_INFO(CUSTOMER_ID, PHONE_TYPE, PHONE_NUMBER, LAST_UPDATED) VALUES ('3857', 'Mobile', '288-693-5071', '2020-10-26 06:40:42'); 
INSERT INTO PHONE_INFO(CUSTOMER_ID, PHONE_TYPE, PHONE_NUMBER, LAST_UPDATED) VALUES ('3857', 'Mobile', '908.064.7950 x981', '2020-10-24 03:51:25'); 
INSERT INTO EMAIL_INFO(CUSTOMER_ID, EMAIL_TYPE, EMAIL_ADDRESS, LAST_UPDATED) VALUES ('3857', 'Business Email', 'ivory.kunze@gmail.com', '2020-10-20 04:19:31'); 
INSERT INTO EMAIL_INFO(CUSTOMER_ID, EMAIL_TYPE, EMAIL_ADDRESS, LAST_UPDATED) VALUES ('3857', 'Guardian Email', 'dessie.dare@gmail.com', '2020-10-26 14:02:06'); 
INSERT INTO CUSTOMER_INFO(CUSTOMER_ID, FIRST_NAME, LAST_NAME, LAST_UPDATED) VALUES ('7387', 'Manuel', 'Cartwright', '2020-10-20 03:36:00'); 
INSERT INTO PHONE_INFO(CUSTOMER_ID, PHONE_TYPE, PHONE_NUMBER, LAST_UPDATED) VALUES ('7387', 'Neighbour landline', '570-865-9667 x19112', '2020-10-25 23:22:36'); 
INSERT INTO PHONE_INFO(CUSTOMER_ID, PHONE_TYPE, PHONE_NUMBER, LAST_UPDATED) VALUES ('7387', 'Guardian Phone', '(557) 684-9617 x95803', '2020-10-19 19:17:26'); 
INSERT INTO PHONE_INFO(CUSTOMER_ID, PHONE_TYPE, PHONE_NUMBER, LAST_UPDATED) VALUES ('7387', 'Guardian Phone', '(053) 193-8218 x028', '2020-10-24 18:24:37'); 
INSERT INTO PHONE_INFO(CUSTOMER_ID, PHONE_TYPE, PHONE_NUMBER, LAST_UPDATED) VALUES ('7387', 'Neighbour landline', '109-627-3122 x1658', '2020-10-22 06:10:35'); 
INSERT INTO EMAIL_INFO(CUSTOMER_ID, EMAIL_TYPE, EMAIL_ADDRESS, LAST_UPDATED) VALUES ('7387', 'Official Email', 'sonia.beahan@yahoo.com', '2020-10-24 17:08:44'); 
INSERT INTO EMAIL_INFO(CUSTOMER_ID, EMAIL_TYPE, EMAIL_ADDRESS, LAST_UPDATED) VALUES ('7387', 'Business Email', 'lynn.kutch@yahoo.com', '2020-10-21 20:47:28'); 
INSERT INTO EMAIL_INFO(CUSTOMER_ID, EMAIL_TYPE, EMAIL_ADDRESS, LAST_UPDATED) VALUES ('7387', 'Business Email', 'alanna.satterfield@gmail.com', '2020-10-25 15:23:55'); 
INSERT INTO EMAIL_INFO(CUSTOMER_ID, EMAIL_TYPE, EMAIL_ADDRESS, LAST_UPDATED) VALUES ('7387', 'Official Email', 'augustus.sipes@gmail.com', '2020-10-21 05:06:57'); 
INSERT INTO EMAIL_INFO(CUSTOMER_ID, EMAIL_TYPE, EMAIL_ADDRESS, LAST_UPDATED) VALUES ('7387', 'Personal Email', 'priscilla.ryan@gmail.com', '2020-10-19 03:20:11'); 
INSERT INTO CUSTOMER_INFO(CUSTOMER_ID, FIRST_NAME, LAST_NAME, LAST_UPDATED) VALUES ('5940', 'Brook', 'Ryan', '2020-10-26 12:10:19'); 
INSERT INTO PHONE_INFO(CUSTOMER_ID, PHONE_TYPE, PHONE_NUMBER, LAST_UPDATED) VALUES ('5940', 'Neighbour landline', '515.454.2557', '2020-10-26 11:21:35'); 
INSERT INTO PHONE_INFO(CUSTOMER_ID, PHONE_TYPE, PHONE_NUMBER, LAST_UPDATED) VALUES ('5940', 'Mobile', '672-982-6495', '2020-10-18 13:39:22'); 
INSERT INTO EMAIL_INFO(CUSTOMER_ID, EMAIL_TYPE, EMAIL_ADDRESS, LAST_UPDATED) VALUES ('5940', 'Guardian Email', 'casandra.mitchell@yahoo.com', '2020-10-23 17:08:55'); 
INSERT INTO EMAIL_INFO(CUSTOMER_ID, EMAIL_TYPE, EMAIL_ADDRESS, LAST_UPDATED) VALUES ('5940', 'Guardian Email', 'keven.daniel@yahoo.com', '2020-10-18 09:06:00'); 
INSERT INTO EMAIL_INFO(CUSTOMER_ID, EMAIL_TYPE, EMAIL_ADDRESS, LAST_UPDATED) VALUES ('5940', 'Business Email', 'filiberto.bailey@yahoo.com', '2020-10-22 02:23:39'); 
INSERT INTO EMAIL_INFO(CUSTOMER_ID, EMAIL_TYPE, EMAIL_ADDRESS, LAST_UPDATED) VALUES ('5940', 'Guardian Email', 'micah.cremin@gmail.com', '2020-10-26 04:10:58'); 
INSERT INTO EMAIL_INFO(CUSTOMER_ID, EMAIL_TYPE, EMAIL_ADDRESS, LAST_UPDATED) VALUES ('5940', 'Business Email', 'mozell.langworth@yahoo.com', '2020-10-24 21:23:22'); 
INSERT INTO CUSTOMER_INFO(CUSTOMER_ID, FIRST_NAME, LAST_NAME, LAST_UPDATED) VALUES ('1038', 'Elmira', 'Mraz', '2020-10-25 03:37:55'); 
INSERT INTO PHONE_INFO(CUSTOMER_ID, PHONE_TYPE, PHONE_NUMBER, LAST_UPDATED) VALUES ('1038', 'Neighbour landline', '(091) 589-4160', '2020-10-25 15:52:05'); 
INSERT INTO PHONE_INFO(CUSTOMER_ID, PHONE_TYPE, PHONE_NUMBER, LAST_UPDATED) VALUES ('1038', 'Guardian Phone', '519-714-6414', '2020-10-20 03:20:47'); 
INSERT INTO EMAIL_INFO(CUSTOMER_ID, EMAIL_TYPE, EMAIL_ADDRESS, LAST_UPDATED) VALUES ('1038', 'Personal Email', 'hilda.schaefer@hotmail.com', '2020-10-21 21:44:18'); 
INSERT INTO EMAIL_INFO(CUSTOMER_ID, EMAIL_TYPE, EMAIL_ADDRESS, LAST_UPDATED) VALUES ('1038', 'Guardian Email', 'christa.lakin@gmail.com', '2020-10-24 04:38:07'); 